origin,des,airportName,lat,lon,cityName,nameFRA,GRZ,Graz - Thalerhof,46.99333333,15.44,Graz,AustriaFRA,INN,Innsbruck - Kranebitten,47.26083333,11.34722222,Innsbruck,AustriaFRA,LNZ,Linz - Blue Danube,48.23444444,14.19361111,Linz,AustriaFRA,SZG,Salzburg - W.A. Mozart,47.79333333,13.00444444,Salzburg,AustriaFRA,VIE,Vienna International,48.11083333,16.55805556,Vienna,AustriaFRA,BRU,Brussels - Airport,50.90166667,4.494166667,Brussels,BelgiumFRA,SOF,Sofia,42.69527778,23.40611111,Sofia,BulgariaFRA,SPU,Split,43.53833333,16.29888889,Split,CroatiaFRA,ZAG,Zagreb,45.74305556,16.06888889,Zagreb,CroatiaFRA,PRG,"Prague, Václav Havel Airport",50.10083333,14.26,Prague,Czech RepublicFRA,BLL,Billund,55.74027778,9.152777778,Billund,DenmarkFRA,CPH,Copenhagen,55.61805556,12.65583333,Copenhagen,DenmarkFRA,TLL,Tallinn,59.41333333,24.83277778,Tallinn,EstoniaFRA,HEL,Helsinki - Vantaa,60.32555556,24.97166667,Helsinki,FinlandFRA,CDG,Paris - Charles De Gaulle,49.00972222,2.547777778,Paris,FranceFRA,LYS,Lyon Saint Exupéry,45.72555556,5.081666667,Lyon,FranceFRA,MRS,Marseille-Provence,43.43555556,5.216388889,Marseille,FranceFRA,NCE,Nice,43.66388889,7.2175,Nice,FranceFRA,SXB,Strasbourg,48.53694444,7.6275,Strasbourg,FranceFRA,TLS,Toulouse - Blagnac,43.63,1.363611111,Toulouse,FranceFRA,XER,Strasbourg Bus Station,48.54055556,7.632222222,Strasbourg,FranceFRA,BRE,Bremen,53.04666667,8.79,Bremen,GermanyFRA,CGN,Cologne - Cologne/Bonn Airport,50.86583333,7.141944444,Cologne,GermanyFRA,DRS,Dresden,51.13277778,13.76722222,Dresden,GermanyFRA,DTM,Dortmund,51.51833333,7.612222222,Dortmund,GermanyFRA,DUS,Dusseldorf - Nordrhein-Westfalen,51.28111111,6.752777778,Dusseldorf,GermanyFRA,FDH,Friedrichshafen,47.66722222,9.5125,Friedrichshafen,GermanyFRA,FKB,Karlsruhe,48.77916667,8.080277778,Karlsruhe,GermanyFRA,FMO,Munster,52.13527778,7.686111111,Munster,GermanyFRA,HAJ,Hannover,52.46166667,9.684722222,Hanover,GermanyFRA,HAM,Hamburg,53.63388889,9.995,Hamburg,GermanyFRA,LEJ,Leipzig/Halle,51.42388889,12.23638889,Leipzig/ Halle,GermanyFRA,MUC,Munich,48.1325,11.69916667,Munich,GermanyFRA,NUE,Nuremberg,49.49972222,11.08166667,Nuremberg,GermanyFRA,QDU,Dusseldorf - Train Station,51.31666667,6.833333333,Dusseldorf,GermanyFRA,STR,Stuttgart - Echterdingen,48.68833333,9.21,Stuttgart,GermanyFRA,TXL,Berlin - Tegel,52.56027778,13.29555556,Berlin,GermanyFRA,ATH,Athens Eleftherios Venizelos,37.89583333,23.72888889,Athens,GreeceFRA,SKG,Thessaloniki,40.52083333,22.97222222,Thessaloniki,GreeceFRA,BUD,"Budapest, Liszt Ferenc",47.43694444,19.25555556,Budapest,HungaryFRA,DUB,Dublin,53.4325,-6.252222222,Dublin,IrelandFRA,BLQ,Bologna,44.53055556,11.2925,Bologna,ItalyFRA,FCO,Rome - Leonardo Da Vinci,41.80027778,12.23888889,Rome,ItalyFRA,FLR,Florence - Amerigo Vespucci,43.81027778,11.19777778,Florence,ItalyFRA,LIN,Milan Linate,45.44166667,9.277777778,Milan,ItalyFRA,MXP,Milan Malpensa,45.63277778,8.732222222,Milan,ItalyFRA,NAP,Naples - Capodichino,40.88611111,14.29166667,Naples,ItalyFRA,TRN,Turin,45.20111111,7.648055556,Turin,ItalyFRA,VCE,Venice - Marco Polo,45.50666667,12.35,Venice,ItalyFRA,VRN,Verona,45.46666667,10.93333333,Verona,ItalyFRA,RIX,Riga,56.92361111,23.97111111,Riga,LatviaFRA,VNO,Vilnius,54.63333333,25.28333333,Vilnius,LithuaniaFRA,LUX,Luxemburg,49.62777778,6.206666667,Luxembourg,LuxembourgFRA,MLA,Malta,35.8575,14.4775,Malta,MaltaFRA,AMS,Amsterdam - Schiphol,52.30833333,4.768055556,Amsterdam,NetherlandsFRA,OSL,Oslo,60.20277778,11.08555556,Oslo,NorwayFRA,BZG,Bydgoszcz,53.09666667,17.97861111,Bydgoszcz,PolandFRA,GDN,Gdansk,54.3775,18.46611111,Gdansk,PolandFRA,KRK,Krakow,50.07777778,19.78472222,Krakow,PolandFRA,KTW,Katowice,50.47416667,19.08,Katowice,PolandFRA,POZ,Poznan,52.42111111,16.82638889,Poznan,PolandFRA,WAW,Warsaw,52.16666667,20.96666667,Warsaw,PolandFRA,WRO,Wroclaw,51.1,16.88333333,Wroclaw,PolandFRA,LIS,Lisbon – Aeroporto de Lisboa,38.78138889,-9.135833333,Lisbon,PortugalFRA,OPO,Porto,41.23805556,-8.674722222,Porto,PortugalFRA,OTP,Bucharest – Henri Coanda,44.57222222,26.10222222,Bucharest,RomaniaFRA,LJU,Ljubljana,46.22361111,14.4575,Ljubljana,SloveniaFRA,BCN,Barcelona,41.30277778,2.094444444,Barcelona,SpainFRA,BIO,Bilbao,43.30277778,-2.921666667,Bilbao,SpainFRA,MAD,Madrid Barajas,40.47361111,-3.561111111,Madrid,SpainFRA,VLC,Valencia,39.48861111,-0.481944444,Valencia,SpainFRA,ARN,Stockholm,59.66194444,17.93388889,Stockholm,SwedenFRA,GOT,Gothenburg - Landvetter,57.66305556,12.28277778,Gothenburg,SwedenFRA,JKG,Jonkoping,57.75777778,14.07027778,Jonkoping,SwedenFRA,KSD,Karlstad,59.36166667,13.46944444,Karlstad,SwedenFRA,BSL,Basel Euroairport,47.59,7.53,Basel,SwitzerlandFRA,GVA,Genève - Geneva-Cointrin Airport,46.23944444,6.110277778,Geneva,SwitzerlandFRA,ZRH,Zurich,47.45833333,8.551666667,Zurich,SwitzerlandFRA,ABZ,Aberdeen,57.20194444,-2.197777778,Aberdeen,United KingdomFRA,BHX,Birmingham International,52.45388889,-1.746388889,"Birmingham, GB",United KingdomFRA,BRS,Bristol,51.38277778,-2.719166667,Bristol,United KingdomFRA,EDI,Edinburgh,55.95,-3.3725,Edinburgh,United KingdomFRA,LCY,London City Airport,51.50527778,0.055277778,London,United KingdomFRA,LHR,London Heathrow,51.4775,-0.461388889,London,United KingdomFRA,MAN,Manchester,53.35333333,-2.276666667,Manchester,United Kingdom